EMPLOYEEID,TOTALWORKINGHRS
EMP0009,113.71
EMP0014,87.44999999999999
EMP0004,78.52000000000001
EMP0007,73.53
EMP0017,66.99000000000001
